{"cameraMode":{"drawMode":0,"name":"Shaded","section":"Shading Mode"},"sceneLighting":true,"audioPlay":false,"sceneViewState":{"showFog":true,"showMaterialUpdate":true,"showSkybox":true,"showFlares":true,"showImageEffects":true,"showParticleSystems":true},"in2DMode":false,"pivot":{"x":-54.92277145385742,"y":-25.017026901245118,"z":84.53424835205078},"rotation":{"x":0.1331053525209427,"y":-0.27274826169013979,"z":0.03811783343553543,"w":0.9521027207374573},"size":113.92499542236328,"orthographic":false}